[
    {
        "main": "Ventas",
        "class": "fas fa-cart-plus",
        "elementos": [
            {
                "item": "Registro de ventas PLE",
                "ruta": "/vtas/rvtas",
                "class": "far fa-circle nav-icon",
                "opt": "A"
            },
            {
                "item": "Por Informar a SUNAT",
                "ruta": "/cpe/fxe",
                "class": "far fa-circle nav-icon",
                "opt": "A"
            }
        ]
    },
    {
        "main": "Compras",
        "class": "fas fa-cart-plus",
        "elementos": [
            {
                "item": "Registrar Compra",
                "ruta": "/compras/index",
                "class": "far fa-circle nav-icon",
                "opt": "AV"
            },
            {
                "item": "Otras Compras",
                "ruta": "ocompras/index",
                "class": "far fa-circle nav-icon",
                "opt": "AV"
            },
            {
                "item": "Informe de Compras",
                "ruta": "/compras/listar",
                "class": "far fa-circle nav-icon",
                "opt": "AV"
            },
            {
                "item": "Registro de compras PLE",
                "ruta": "/compras/listarPLE",
                "class": "far fa-circle nav-icon",
                "opt": "A"
            }
        ]
    },
    {
        "main": "Contabilidad",
        "class": "fa fa-book",
        "elementos": [
            {
                "item": "Plan Contable",
                "ruta": "/planescontables/index",
                "class": "far fa-circle nav-icon",
                "opt": "A"
            },
            {
                "item": "Numeros de Cuenta",
                "ruta": "/numeroscuenta/index",
                "class": "far fa-circle nav-icon",
                "opt": "A"
            },
            {
                "item": "Registrar a Libro Bancos",
                "ruta": "/cajaybancos/index",
                "class": "far fa-circle nav-icon",
                "opt": "A"
            },
             {
                "item": "Reporte de Libro Bancos",
                "ruta": "/cajaybancos/indexlistar",
                "class": "far fa-circle nav-icon",
                "opt": "A"
            },
            {
                "item": "Registrar a Libro Efectivo",
                "ruta": "/cajayefectivo/index",
                "class": "far fa-circle nav-icon",
                "opt": "A"
            }
        ]
    },
    {
        "main": "Guias Remisión",
        "class": "fa fa-truck",
        "elementos": [
            {
                "item": "Por Informar a SUNAT",
                "ruta": "/guias/listarxenviar",
                "class": "far fa-circle nav-icon",
                "opt": "A"
            }
        ]
    },
    {
        "main": "Mantenimiento",
        "class": "fas fa-address-card",
        "elementos": [
            {
                "item": "Eliminar Comprobante",
                "ruta": "/cpe/indexAnular",
                "class": "far fa-circle nav-icon",
                "opt": "A"
            }
        ]
    }
]