[
    {
        "mame": "CTA. CTE. SOLES INTERBANK",
        "number": "616-3001995054"
    },
    {
        "mame": "CCI. CTE. SOLES INTERBANK",
        "number": "570-1139961-0-31"
    },
    {
        "mame": "CTA. CTE. SOLES BCP",
        "number": "570-1139961-0-31"
    },
    {
        "mame": "CCI. CTE. SOLES BCP",
        "number": "00257000113996103107"
    },
    {
        "mame": "CTA. CTE. SOLES BBVA ",
        "number": "0011-0246-02-0059403"
    },
    {
        "mame": "CCI. CTE. SOLES BBVA ",
        "number": "011-246-000200529403-64"
    }
]