[
    {
        "main": "Ventas",
        "class": "fas fa-cart-plus",
        "elementos": [
            {
                "item": "Ventas x Productos",
                "ruta": "/vtas/index",
                "class": "far fa-circle nav-icon",
                "opt": "AV"
            },
            {
                "item": "Notas de crédito",
                "ruta": "/notascredito/index",
                "class": "far fa-circle nav-icon",
                "opt": "V"
            },
            {
                "item": "Canje de Guias Remitentes",
                "ruta": "/vtas/canjes",
                "class": "far fa-circle nav-icon",
                "opt": "AV"
            },
            {
                "item": "Canje de Cotizaciones",
                "ruta": "/vtas/canjespedidos",
                "class": "far fa-circle nav-icon",
                "opt": "AV"
            },
            {
                "item": "Informe de Ventas",
                "ruta": "/vtas/vtasresumidas",
                "class": "far fa-circle nav-icon",
                "opt": "AV"
            },
            {
                "item": "Informe de Vtas x Vendedor",
                "ruta": "/vtas/indexvtasxvendedor",
                "class": "far fa-circle nav-icon",
                "opt": "A"
            },
            {
                "item": "Informe de Vtas de Producto",
                "ruta": "/vtas/indexventadproducto",
                "class": "far fa-circle nav-icon",
                "opt": "A"
            },
            {
                "item": "Informe de Vtas x Cliente",
                "ruta": "/vtas/indexlistavxcliente",
                "class": "far fa-circle nav-icon",
                "opt": "A"
            },
            {
                "item": "Registro de ventas PLE",
                "ruta": "/vtas/rvtas",
                "class": "far fa-circle nav-icon",
                "opt": "A"
            },
            {
                "item": "Por Informar a SUNAT",
                "ruta": "/cpe/fxe",
                "class": "far fa-circle nav-icon",
                  "opt": "A"
            },
            {
                "item": "Eliminar Documento",
                "ruta": "/cpe/indexAnular",
                "class": "far fa-circle nav-icon",
                "opt": "A"
            }
        ]
    },
    {
        "main": "Compras",
        "class": "fas fa-cart-plus",
        "elementos": [
            {
                "item": "Compras x Producto",
                "ruta": "/compras/index",
                "class": "far fa-circle nav-icon",
                "opt": "AV"
            },
            {
                "item": "Informe de Compras",
                "ruta": "/compras/listar",
                "class": "far fa-circle nav-icon",
                "opt": "AV"
            },
            {
                "item": "Informe Compras de Prod.",
                "ruta": "/compras/indexcompradproducto",
                "class": "far fa-circle nav-icon",
                "opt": "A"
            },
            {
                "item": "Registro de compras PLE",
                "ruta": "/compras/listarPLE",
                "class": "far fa-circle nav-icon",
                "opt": "A"
            }
        ]
    },
    {
        "main": "Guias Remisión",
        "class": "fa fa-truck",
        "elementos": [
            {
                "item": "Guia Remitente Ventas",
                "ruta": "/guiasr/index",
                "class": "far fa-circle nav-icon",
                "opt": "AV"
            },
            {
                "item": "Guia Remitente Compras",
                "ruta": "/guiasc/index",
                "class": "far fa-circle nav-icon",
                "opt": "AV"
            },
            {
                "item": "Listar Guias Remitente",
                "ruta": "/guiasr/listar",
                "class": "far fa-circle nav-icon",
                "opt": "AV"
            },
            {
                "item": "Por Informar a SUNAT",
                "ruta": "/guias/listarxenviar",
                "class": "far fa-circle nav-icon",
                "opt": "AV"
            }
        ]
    },
    {
        "main": "Cotizaciones",
        "class": "fas fa-cart-plus",
        "elementos": [
            {
                "item": "Precios y Stock",
                "ruta": "/productos/index/1",
                "class": "far fa-circle nav-icon",
                "opt": "AV"
            },
            {
                "item": "Registar",
                "ruta": "/pedidos/listarpedido",
                "class": "far fa-circle nav-icon",
                "opt": "AV"
            },
            {
                "item": "Informes",
                "ruta": "/pedido/listarpedidos",
                "class": "far fa-circle nav-icon",
                "opt": "AV"
            }
        ]
    },
    {
        "main": "Inventario",
        "class": "fa fa-check",
        "elementos": [
            {
                "item": "Gestión Stock",
                "ruta": "/productos/index/5",
                "class": "far fa-circle nav-icon",
                "opt": "A"
            },
            {
                "item": "Kardex",
                "ruta": "/inventarios/kardex",
                "class": "far fa-circle nav-icon",
                "opt": "A"
            }
        ]
    },
    {
        "main": "Liquidación Caja",
        "class": "fas fa-credit-card",
        "elementos": [
            {
                "item": "Ver Caja",
                "ruta": "/cajas/index",
                "class": "far fa-circle nav-icon",
                "opt": "A"
            },
            {
                "item": "Ingresos y Egresos",
                "ruta": "/cajas/indexIngresosEgresos",
                "class": "far fa-circle nav-icon",
                "opt": "A"
            }
        ]
    },
    {
        "main": "Administración",
        "class": "fas fa-address-card",
        "elementos": [
            {
                "item": "Productos",
                "ruta": "/productos/index/4",
                "class": "far fa-circle nav-icon",
                "opt": "AV"
            },
            {
                "item": "Combos",
                "ruta": "/productos/index/3",
                "class": "far fa-circle nav-icon",
                "opt": "AV"
            },
            {
                "item": "Clientes",
                "ruta": "/cliente/index",
                "class": "far fa-circle nav-icon",
                "opt": "AV"
            },
            {
                "item": "Proveedores",
                "ruta": "/proveedor/index",
                "class": "far fa-circle nav-icon",
                "opt": "AV"
            },
            {
                "item": "Sucursales",
                "ruta": "/sucursales/index",
                "class": "far fa-circle nav-icon",
                "opt": "AV"
            },
            {
                "item": "Grupos",
                "ruta": "/grupos/index",
                "class": "far fa-circle nav-icon",
                "opt": "AV"
            },
            {
                "item": "Marcas",
                "ruta": "/marcas/index",
                "class": "far fa-circle nav-icon",
                "opt": "AV"
            },
            {
                "item": "Categorias",
                "ruta": "/categorias/index",
                "class": "far fa-circle nav-icon",
                "opt": "AV"
            },
            {
                "item": "Fletes",
                "ruta": "/fletes/index",
                "class": "far fa-circle nav-icon",
                "opt": "AV"
            },
            {
                "item": "Transportistas",
                "ruta": "/transportista/index",
                "class": "far fa-circle nav-icon",
                "opt": "AV"
            },
            {
                "item": "Usuarios",
                "ruta": "/usuarios/index",
                "class": "far fa-circle nav-icon",
                "opt": "AV"
            }
        ]
    }
]